date,portfolio_value,cash,n_positions,portfolio_return,sp500_value,sp500_return
2023-01-03,100000.0,100000.0,0,0.0,103.82987976074219,4.9642969032841044
2023-01-04,100000.0,100000.0,0,0.0,105.37434387207031,6.525635411153652
2023-01-05,100000.0,100000.0,0,0.0,104.98585510253906,6.132902118553929
2023-01-06,100000.0,100000.0,0,0.0,106.4355697631836,7.598455968905893
2023-01-09,100000.0,100000.0,0,0.0,106.26500701904297,7.42602970242201
2023-01-10,100000.0,100000.0,0,0.0,107.87580108642578,9.054422869479728
2023-01-11,100000.0,100000.0,0,0.0,107.21253967285156,8.383914841354102
2023-01-12,100000.0,100000.0,0,0.0,105.99421691894531,7.152281023037843
2023-01-13,100000.0,100000.0,0,0.0,108.04061889648438,9.221041434287901
2023-01-17,100000.0,100000.0,0,0.0,107.9263916015625,9.105566122881715
2023-01-18,100000.0,100000.0,0,0.0,106.13697814941406,7.296602024041876
2023-01-19,100000.0,100000.0,0,0.0,106.41301727294922,7.575657076271858
2023-01-20,100000.0,100000.0,0,0.0,107.38385009765625,8.557096957458477
2023-01-23,100000.0,100000.0,0,0.0,108.51652526855469,9.702147430473795
2023-01-24,100000.0,100000.0,0,0.0,107.10783386230469,8.278065043482187
2023-01-25,100000.0,100000.0,0,0.0,105.65155029296875,6.805870514321732
2023-01-26,100000.0,100000.0,0,0.0,105.71817779541016,6.873225970807861
2023-01-27,100000.0,100000.0,0,0.0,104.65216064453125,5.795561805283578
2023-01-30,100000.0,100000.0,0,0.0,104.51889038085938,5.660835466808867
2023-01-31,100000.0,100000.0,0,0.0,105.22325134277344,6.372892085807136
2023-02-01,100000.0,100000.0,0,0.0,106.43204498291016,7.594892677837928
2023-02-02,100000.0,100000.0,0,0.0,106.8413314819336,8.008650930288908
2023-02-03,100000.0,100000.0,0,0.0,106.40349578857422,7.566031562737607
2023-02-06,100000.0,100000.0,0,0.0,105.4135971069336,6.565317516228775
2023-02-07,100000.0,100000.0,0,0.0,106.5938491821289,7.758464705910484
2023-02-08,100000.0,100000.0,0,0.0,104.89010620117188,6.036107090625298
2023-02-09,100000.0,100000.0,0,0.0,102.86273956298828,3.986589993692502
2023-02-10,100000.0,100000.0,0,0.0,102.94839477539062,4.073181051744701
2023-02-13,100000.0,100000.0,0,0.0,103.29104614257812,4.419576134958336
2023-02-14,100000.0,100000.0,0,0.0,102.09175872802734,3.207185630959364
2023-02-15,100000.0,100000.0,0,0.0,102.11080169677734,3.2264366580278647
2023-02-16,100000.0,100000.0,0,0.0,100.96861267089844,2.071768384229511
2023-02-17,100000.0,100000.0,0,0.0,101.5968246459961,2.7068440332074006
2023-02-21,100000.0,100000.0,0,0.0,98.65572357177734,-0.2663907147113509
2023-02-22,100000.0,100000.0,0,0.0,97.74195861816406,-1.190139216702235
2023-02-23,100000.0,100000.0,0,0.0,97.60871887207031,-1.3248347041720288
2023-02-24,100000.0,100000.0,0,0.0,95.61942291259766,-3.3358651724702315
2023-02-27,100000.0,100000.0,0,0.0,94.9626693725586,-3.999794223797204
2023-02-28,100000.0,100000.0,0,0.0,96.81871032714844,-2.123474668471248
2023-03-01,100000.0,100000.0,0,0.0,95.97158813476562,-2.97985228847355
2023-03-02,100000.0,100000.0,0,0.0,97.68485260009766,-1.2478691596541025
2023-03-03,100000.0,100000.0,0,0.0,99.41715240478516,0.5033572834826305
2023-03-06,100000.0,100000.0,0,0.0,97.79907989501953,-1.1323938482479146
2023-03-07,100000.0,100000.0,0,0.0,95.16255187988281,-3.797727854338828
2023-03-08,100000.0,100000.0,0,0.0,94.6104965209961,-4.355814820545101
2023-03-09,100000.0,100000.0,0,0.0,93.13517761230469,-5.8472526640228395
2023-03-10,100000.0,100000.0,0,0.0,92.2880630493164,-6.703622571273915
2023-03-13,100000.0,100000.0,0,0.0,93.45879364013672,-5.520100895126479
2023-03-14,100000.0,100000.0,0,0.0,93.80144500732422,-5.173705811912843
2023-03-15,100000.0,100000.0,0,0.0,93.08758544921875,-5.895364806191672
2023-03-16,100000.0,100000.0,0,0.0,94.25831604003906,-4.711843130044235
2023-03-17,100000.0,100000.0,0,0.0,92.33564758300781,-6.655518141856309
2023-03-20,100000.0,100000.0,0,0.0,93.15422058105469,-5.828001636954316
2023-03-21,100000.0,100000.0,0,0.0,93.592041015625,-5.385397694905469
2023-03-22,100000.0,100000.0,0,0.0,92.19287872314453,-6.799846855611591
2023-03-23,100000.0,100000.0,0,0.0,92.36419677734375,-6.626657026756
2023-03-24,100000.0,100000.0,0,0.0,93.3255615234375,-5.654788669845045
2023-03-27,100000.0,100000.0,0,0.0,93.71578216552734,-5.2603045827162465
2023-03-28,100000.0,100000.0,0,0.0,92.43083190917969,-6.559293857518645
2023-03-29,100000.0,100000.0,0,0.0,93.86808776855469,-5.106334929924261
2023-03-30,100000.0,100000.0,0,0.0,94.30591583251953,-4.663723275124177
2023-03-31,100000.0,100000.0,0,0.0,96.3808822631836,-2.5660863232713327
2023-04-03,100000.0,100000.0,0,0.0,96.69498443603516,-2.2485523551580067
2023-04-04,100000.0,100000.0,0,0.0,97.84667205810547,-1.0842817060790821
2023-04-05,100000.0,100000.0,0,0.0,99.188720703125,0.2724297989239455
2023-04-06,100000.0,100000.0,0,0.0,99.87403869628906,0.9652353908536915
2023-04-10,100000.0,100000.0,0,0.0,98.70330047607422,-0.21829399804497163
2023-04-11,100000.0,100000.0,0,0.0,98.31307220458984,-0.6127857979249973
2023-04-12,100000.0,100000.0,0,0.0,97.61821746826172,-1.315232328891458
2023-04-13,100000.0,100000.0,0,0.0,99.11048126220703,0.19333553506670764
2023-04-14,100000.0,100000.0,0,0.0,99.44529724121094,0.5318096227677982
2023-04-17,100000.0,100000.0,0,0.0,99.98096466064453,1.0733295993333725
2023-04-18,100000.0,100000.0,0,0.0,99.62702941894531,0.7155273570514931
2023-04-19,100000.0,100000.0,0,0.0,107.41353607177734,8.587107272491966
2023-04-20,100000.0,100000.0,0,0.0,105.55778503417969,6.711080801712721
2023-04-21,100000.0,100000.0,0,0.0,106.81089782714844,7.977884765634946
2023-04-24,100000.0,100000.0,0,0.0,105.60560607910156,6.759424326418451
2023-04-25,100000.0,100000.0,0,0.0,105.19429016113281,6.343614482140425
2023-04-26,100000.0,100000.0,0,0.0,104.02726745605469,5.163841203090458
2023-04-27,100000.0,100000.0,0,0.0,104.74468231201172,5.889094339442202
2023-04-28,100000.0,100000.0,0,0.0,105.67257690429688,6.827126856709875
2023-05-01,100000.0,100000.0,0,0.0,106.28477478027344,7.446013440857313
2023-05-02,100000.0,100000.0,0,0.0,106.65784454345703,7.823159263222479
2023-05-03,100000.0,100000.0,0,0.0,106.90655517578125,8.074587240548837
2023-05-04,100000.0,100000.0,0,0.0,106.04563903808594,7.204264966323803
2023-05-05,100000.0,100000.0,0,0.0,106.42826080322266,7.591067153228148
2023-05-08,100000.0,100000.0,0,0.0,106.08390045166016,7.242944413739116
2023-05-09,100000.0,100000.0,0,0.0,105.46212768554688,6.614378326798831
2023-05-10,100000.0,100000.0,0,0.0,105.88302612304688,7.039875386620942
2023-05-11,100000.0,100000.0,0,0.0,105.27081298828125,6.420973376971051
2023-05-12,100000.0,100000.0,0,0.0,105.69168853759766,6.846447298539471
2023-05-15,100000.0,100000.0,0,0.0,105.0699234008789,6.217888924350401
2023-05-16,100000.0,100000.0,0,0.0,104.63947296142578,5.782735499989133
2023-05-17,100000.0,100000.0,0,0.0,104.09422302246094,5.231528307879452
2023-05-18,100000.0,100000.0,0,0.0,103.75943756103516,4.89308507118329
2023-05-19,100000.0,100000.0,0,0.0,104.1994400024414,5.337894860083758
2023-05-22,100000.0,100000.0,0,0.0,103.54898834228516,4.680336541272245
2023-05-23,100000.0,100000.0,0,0.0,101.14797973632812,2.253095165632102
2023-05-24,100000.0,100000.0,0,0.0,99.52180480957031,0.6091530920959487
2023-05-25,100000.0,100000.0,0,0.0,97.70431518554688,-1.2281939312679735
2023-05-26,100000.0,100000.0,0,0.0,98.40262603759766,-0.522253523994598
2023-05-30,100000.0,100000.0,0,0.0,97.2929916381836,-1.6440114882972146
2023-05-31,100000.0,100000.0,0,0.0,97.57040405273438,-1.3635681408459388
2023-06-01,100000.0,100000.0,0,0.0,98.35478210449219,-0.5706201869540073
2023-06-02,100000.0,100000.0,0,0.0,99.67485809326172,0.7638785945084381
2023-06-05,100000.0,100000.0,0,0.0,99.25396728515625,0.33838924743756493
2023-06-06,100000.0,100000.0,0,0.0,98.1634750366211,-0.7640174240305608
2023-06-07,100000.0,100000.0,0,0.0,97.24517059326172,-1.692355013002922
2023-06-08,100000.0,100000.0,0,0.0,96.40338897705078,-2.5433337071446793
2023-06-09,100000.0,100000.0,0,0.0,97.27388000488281,-1.663331930126788
2023-06-12,100000.0,100000.0,0,0.0,96.9964599609375,-1.9437829903292903
2023-06-13,100000.0,100000.0,0,0.0,97.43648529052734,-1.4989500631751418
2023-06-14,100000.0,100000.0,0,0.0,98.76611328125,-0.15479491717353966
2023-06-15,100000.0,100000.0,0,0.0,100.45924377441406,1.5568342611516073
2023-06-16,100000.0,100000.0,0,0.0,101.5880126953125,2.697935805537477
2023-06-20,100000.0,100000.0,0,0.0,102.0662841796875,3.181432754604474
2023-06-21,100000.0,100000.0,0,0.0,101.6358413696289,2.746287042994422
2023-06-22,100000.0,100000.0,0,0.0,103.54898834228516,4.680336541272245
2023-06-23,100000.0,100000.0,0,0.0,103.35765838623047,4.486916165942012
2023-06-26,100000.0,100000.0,0,0.0,103.79769897460938,4.9317645185986025
2023-06-27,100000.0,100000.0,0,0.0,103.10896301269531,4.235503614118108
2023-06-28,100000.0,100000.0,0,0.0,102.936767578125,4.061426818871139
2023-06-29,100000.0,100000.0,0,0.0,102.98460388183594,4.109785769079299
2023-06-30,100000.0,100000.0,0,0.0,104.28553771972656,5.424933257707232
2023-07-03,100000.0,100000.0,0,0.0,102.56370544433594,3.6842887092571885
2023-07-05,100000.0,100000.0,0,0.0,102.70719909667969,3.8293501343792613
2023-07-06,100000.0,100000.0,0,0.0,102.54457092285156,3.6649451291739243
2023-07-07,100000.0,100000.0,0,0.0,101.73148345947266,2.842974092405859
2023-07-10,100000.0,100000.0,0,0.0,102.37239837646484,3.490891472180646
2023-07-11,100000.0,100000.0,0,0.0,102.83154296875,3.9550525539155945
2023-07-12,100000.0,100000.0,0,0.0,102.20978546142578,3.3265018924777623
2023-07-13,100000.0,100000.0,0,0.0,103.5553970336914,4.686815252304921
2023-07-14,100000.0,100000.0,0,0.0,103.73802947998047,4.871443091233663
2023-07-17,100000.0,100000.0,0,0.0,102.8441390991211,3.967786306195298
2023-07-18,100000.0,100000.0,0,0.0,102.79608154296875,3.9192036862014668
2023-07-19,100000.0,100000.0,0,0.0,103.1132583618164,4.2398458930602345
2023-07-20,100000.0,100000.0,0,0.0,107.48654174804688,8.660910589005844
2023-07-21,100000.0,100000.0,0,0.0,109.85100555419922,11.051207886257286
2023-07-24,100000.0,100000.0,0,0.0,110.1681900024414,11.371857805867268
2023-07-25,100000.0,100000.0,0,0.0,108.5438232421875,9.729743654372491
2023-07-26,100000.0,100000.0,0,0.0,109.64915466308594,10.847151626981733
2023-07-27,100000.0,100000.0,0,0.0,108.27469635009766,9.457676354756316
2023-07-28,100000.0,100000.0,0,0.0,108.35159301757812,9.535413174397188
2023-07-31,100000.0,100000.0,0,0.0,107.00596618652344,8.175084389067578
2023-08-01,100000.0,100000.0,0,0.0,106.2370376586914,7.397754756415109
2023-08-02,100000.0,100000.0,0,0.0,104.40122985839844,5.541889417349455
2023-08-03,100000.0,100000.0,0,0.0,103.3631591796875,4.492477059578381
2023-08-04,100000.0,100000.0,0,0.0,103.4688949584961,4.599368078866273
2023-08-07,100000.0,100000.0,0,0.0,104.2378158569336,5.376689998767503
2023-08-08,100000.0,100000.0,0,0.0,101.47929382324219,2.588029100518896
2023-08-09,100000.0,100000.0,0,0.0,101.21015930175781,2.315954088151506
2023-08-10,100000.0,100000.0,0,0.0,100.67192077636719,1.7718349144216328
2023-08-11,100000.0,100000.0,0,0.0,101.21977996826172,2.3256798674517354
2023-08-14,100000.0,100000.0,0,0.0,101.97909545898438,3.0932914335551898
2023-08-15,100000.0,100000.0,0,0.0,100.8641586303711,1.9661731071481725
2023-08-16,100000.0,100000.0,0,0.0,100.47007751464844,1.567786367897317
2023-08-17,100000.0,100000.0,0,0.0,100.85453796386719,1.956447327847921
2023-08-18,100000.0,100000.0,0,0.0,99.68192291259766,0.7710206021468213
2023-08-21,100000.0,100000.0,0,0.0,99.8357162475586,0.9264942414285438
2023-08-22,100000.0,100000.0,0,0.0,101.06600189208984,2.1702216536724883
2023-08-23,100000.0,100000.0,0,0.0,101.04676818847656,2.150777807823223
2023-08-24,100000.0,100000.0,0,0.0,99.72038269042969,0.809900581094114
2023-08-25,100000.0,100000.0,0,0.0,100.1624984741211,1.2568468020850876
2023-08-28,100000.0,100000.0,0,0.0,98.79766082763672,-0.12290269084007654
2023-08-29,100000.0,100000.0,0,0.0,99.8357162475586,0.9264942414285438
2023-08-30,100000.0,100000.0,0,0.0,100.35474395751953,1.451192707562865
2023-08-31,100000.0,100000.0,0,0.0,98.90339660644531,-0.01601167155218519
2023-09-01,100000.0,100000.0,0,0.0,98.8553237915039,-0.0646097170484694
2023-09-05,100000.0,100000.0,0,0.0,96.96183776855469,-1.978783455408184
2023-09-06,100000.0,100000.0,0,0.0,97.61542510986328,-1.3180551958414055
2023-09-07,100000.0,100000.0,0,0.0,96.75999450683594,-2.182832001932511
2023-09-08,100000.0,100000.0,0,0.0,96.81766510009766,-2.124531315389666
2023-09-11,100000.0,100000.0,0,0.0,98.47085571289062,-0.4532783897503112
2023-09-12,100000.0,100000.0,0,0.0,98.42279815673828,-0.5018610097441312
2023-09-13,100000.0,100000.0,0,0.0,98.70154571533203,-0.22006793082772758
2023-09-14,100000.0,100000.0,0,0.0,98.66310119628906,-0.2589324842725449
2023-09-15,100000.0,100000.0,0,0.0,97.78843688964844,-1.1431531362128933
2023-09-18,100000.0,100000.0,0,0.0,97.0771713256836,-1.8621897950737432
2023-09-19,100000.0,100000.0,0,0.0,96.75999450683594,-2.182832001932511
2023-09-20,100000.0,100000.0,0,0.0,96.38513946533203,-2.561782608085339
2023-09-21,100000.0,100000.0,0,0.0,95.08759307861328,-3.873505635167429
2023-09-22,100000.0,100000.0,0,0.0,94.33788299560547,-4.631406847473096
2023-09-25,100000.0,100000.0,0,0.0,93.68428039550781,-5.292150532542339
2023-09-26,100000.0,100000.0,0,0.0,92.49244689941406,-6.4970056785902175
2023-09-27,100000.0,100000.0,0,0.0,91.81964111328125,-7.1771623585037965
2023-09-28,100000.0,100000.0,0,0.0,94.30902862548828,-4.660576472622591
2023-09-29,100000.0,100000.0,0,0.0,93.08836364746094,-5.894578105566273
2023-10-02,100000.0,100000.0,0,0.0,92.0118637084961,-6.982839591279721
2023-10-03,100000.0,100000.0,0,0.0,92.06954193115234,-6.9245311919856505
2023-10-04,100000.0,100000.0,0,0.0,91.93497467041016,-7.0605686981693445
2023-10-05,100000.0,100000.0,0,0.0,92.46361541748047,-6.526152165486021
2023-10-06,100000.0,100000.0,0,0.0,93.11720275878906,-5.865423905919243
2023-10-09,100000.0,100000.0,0,0.0,93.00186920166016,-5.9820175662536945
2023-10-10,100000.0,100000.0,0,0.0,93.77078247070312,-5.204703359103691
2023-10-11,100000.0,100000.0,0,0.0,89.04188537597656,-9.985267102601647
2023-10-12,100000.0,100000.0,0,0.0,87.16691589355469,-11.880721993727683
2023-10-13,100000.0,100000.0,0,0.0,87.8241195678711,-11.216337890078176
2023-10-16,100000.0,100000.0,0,0.0,89.09021759033203,-9.936406823563571
2023-10-17,100000.0,100000.0,0,0.0,89.05154418945312,-9.975502759545263
2023-10-18,100000.0,100000.0,0,0.0,92.35690307617188,-6.63403041693128
2023-10-19,100000.0,100000.0,0,0.0,92.2409439086914,-6.751256522866534
2023-10-20,100000.0,100000.0,0,0.0,93.53601837158203,-5.442032427182763
2023-10-23,100000.0,100000.0,0,0.0,92.56953430175781,-6.419076040168625
2023-10-24,100000.0,100000.0,0,0.0,91.6320571899414,-7.366795772980417
2023-10-25,100000.0,100000.0,0,0.0,90.4336166381836,-8.57833016159294
2023-10-26,100000.0,100000.0,0,0.0,90.82987213134766,-8.177745288241711
2023-10-27,100000.0,100000.0,0,0.0,89.73774719238281,-9.281802488472913
2023-10-30,100000.0,100000.0,0,0.0,89.8827133178711,-9.135252502363578
2023-10-31,100000.0,100000.0,0,0.0,91.38078308105469,-7.620815234719847
2023-11-01,100000.0,100000.0,0,0.0,91.82535552978516,-7.171385507832994
2023-11-02,100000.0,100000.0,0,0.0,92.74351501464844,-6.243194461133983
2023-11-03,100000.0,100000.0,0,0.0,92.62753295898438,-6.360443705322927
2023-11-06,100000.0,100000.0,0,0.0,91.8156967163086,-7.181149850889379
2023-11-07,100000.0,100000.0,0,0.0,91.62239074707031,-7.376567828788028
2023-11-08,100000.0,100000.0,0,0.0,91.56440734863281,-7.435184738131273
2023-11-09,100000.0,100000.0,0,0.0,90.4142837524414,-8.597874273208173
2023-11-10,100000.0,100000.0,0,0.0,90.82020568847656,-8.187517344049322
2023-11-13,100000.0,100000.0,0,0.0,92.57920837402344,-6.409296271609777
2023-11-14,100000.0,100000.0,0,0.0,93.82595825195312,-5.1489247422128575
2023-11-15,100000.0,100000.0,0,0.0,94.71513366699219,-4.250034437434236
2023-11-16,100000.0,100000.0,0,0.0,96.89936828613281,-2.041935462474298
2023-11-17,100000.0,100000.0,0,0.0,96.21317291259766,-2.735628020795433
2023-11-20,100000.0,100000.0,0,0.0,97.807861328125,-1.1235164715829082
2023-11-21,100000.0,100000.0,0,0.0,98.49407196044922,-0.42980848775932
2023-11-22,100000.0,100000.0,0,0.0,99.25758361816406,0.34204509152027107
2023-11-24,100000.0,100000.0,0,0.0,99.42188262939453,0.5081391892448384
2023-11-27,100000.0,100000.0,0,0.0,99.26724243164062,0.35180943457666647
2023-11-28,100000.0,100000.0,0,0.0,98.6390380859375,-0.28325850164998556
2023-11-29,100000.0,100000.0,0,0.0,100.15641021728516,1.250692026604061
2023-11-30,100000.0,100000.0,0,0.0,100.7942886352539,1.8955397313895617
2023-12-01,100000.0,100000.0,0,0.0,101.36451721191406,2.471998471024195
2023-12-04,100000.0,100000.0,0,0.0,101.66413116455078,2.77488592455295
2023-12-05,100000.0,100000.0,0,0.0,100.85227966308594,1.9541643534840336
2023-12-06,100000.0,100000.0,0,0.0,101.4225082397461,2.530623093118667
2023-12-07,100000.0,100000.0,0,0.0,100.56233978271484,1.661056668514127
2023-12-08,100000.0,100000.0,0,0.0,101.00691986083984,2.1104941081522055
2023-12-11,100000.0,100000.0,0,0.0,102.65959930419922,3.7812302794592023
2023-12-12,100000.0,100000.0,0,0.0,103.10418701171875,4.2306754318485185
2023-12-13,100000.0,100000.0,0,0.0,103.65507507324219,4.787582347116692
2023-12-14,100000.0,100000.0,0,0.0,104.95983123779297,6.106593924110548
2023-12-15,100000.0,100000.0,0,0.0,103.69373321533203,4.82666285759592
2023-12-18,100000.0,100000.0,0,0.0,104.43791961669922,5.578980038011516
2023-12-19,100000.0,100000.0,0,0.0,104.78584289550781,5.930704632324657
2023-12-20,100000.0,100000.0,0,0.0,103.80005645751953,4.934147758728491
2023-12-21,100000.0,100000.0,0,0.0,104.8438491821289,5.989344679921604
2023-12-22,100000.0,100000.0,0,0.0,105.37541198730469,6.526715196325772
2023-12-26,100000.0,100000.0,0,0.0,105.56871795654297,6.7221331742244095
2023-12-27,100000.0,100000.0,0,0.0,106.10993957519531,7.269268033684972
2023-12-28,100000.0,100000.0,0,0.0,106.6994857788086,7.8652554594323965
2023-12-29,100000.0,100000.0,0,0.0,106.38055419921875,7.542839319790873
2024-01-02,100000.0,100000.0,0,0.0,106.16793060302734,7.327892655779444
2024-01-03,100000.0,100000.0,0,0.0,105.84899139404297,7.005468803386705
2024-01-04,99980.72030041504,80701.0207154541,2,-0.019279699584962007,107.26004791259766,8.43194214325942
2024-01-05,99897.41988537597,80701.0207154541,2,-0.10258011462402905,107.08609771728516,8.256091415229694
2024-01-08,100439.72030041504,80701.0207154541,2,0.4397203004150363,108.63246154785156,9.819350398155358
2024-01-09,100631.82113049316,80701.0207154541,2,0.6318211304931598,108.9513931274414,10.141766537796881
2024-01-10,100796.04171154785,80701.0207154541,2,0.7960417115478569,110.56542205810547,11.773429911375866
2024-01-11,101015.68038342285,80701.0207154541,2,1.0156803834228567,110.22551727294922,11.429811418604796
2024-01-12,100983.37996838379,80701.0207154541,2,0.9833799683837796,110.63338470458984,11.842135099327123
2024-01-16,101022.14046643066,80701.0207154541,2,1.0221404664306544,110.47801971435547,11.685072633292148
2024-01-17,100968.41988537597,80701.0207154541,2,0.9684198853759707,110.64311218261719,11.851968857144568
2024-01-18,100886.82113049316,80701.0207154541,2,0.886821130493165,110.73051452636719,11.940326135228286
2024-01-19,101493.72030041504,80701.0207154541,2,1.4937203004150357,111.38117218017578,12.598092698322993
2024-01-22,101223.08162854004,80701.0207154541,2,1.2230816285400348,110.89562225341797,12.107237784583159
2024-01-23,101005.14046643066,80701.0207154541,2,1.005140466430654,110.71109008789062,11.920689470598301
2024-01-24,101321.3400513916,80701.0207154541,2,1.3213400513915952,107.57426452636719,8.749591802641188
2024-01-25,101847.57357592773,101847.57357592773,0,1.84757357592773,109.20580291748047,10.398955940291588
2024-01-26,101847.57357592773,101847.57357592773,0,1.84757357592773,108.77850341796875,9.96698788218804
2024-01-29,101847.57357592773,101847.57357592773,0,1.84757357592773,110.17694854736328,11.380712044278596
2024-01-30,101847.57357592773,101847.57357592773,0,1.84757357592773,110.20609283447266,11.410174753974811
2024-01-31,101847.57357592773,101847.57357592773,0,1.84757357592773,109.8856201171875,11.086200638584941
2024-02-01,101847.57357592773,101847.57357592773,0,1.84757357592773,111.18695831298828,12.40175690302805
2024-02-02,101847.57357592773,101847.57357592773,0,1.84757357592773,108.8756103515625,10.06515577983551
2024-02-05,101847.57357592773,101847.57357592773,0,1.84757357592773,108.42889404296875,9.613558769853192
2024-02-06,101847.57357592773,101847.57357592773,0,1.84757357592773,110.71109008789062,11.920689470598301
2024-02-07,101847.57357592773,101847.57357592773,0,1.84757357592773,110.04098510742188,11.243263104619917
2024-02-08,101847.57357592773,101847.57357592773,0,1.84757357592773,109.1863784790039,10.379319275661603
2024-02-09,101847.57357592773,101847.57357592773,0,1.84757357592773,108.58425903320312,9.770621235888166
2024-02-12,101847.57357592773,101847.57357592773,0,1.84757357592773,109.28349304199219,10.47749488606029
2024-02-13,101847.57357592773,101847.57357592773,0,1.84757357592773,108.12781524658203,9.309190468088424
2024-02-14,101847.57357592773,101847.57357592773,0,1.84757357592773,108.82705688476562,10.016071831011764
2024-02-15,101847.57357592773,101847.57357592773,0,1.84757357592773,110.3614730834961,11.567252645512237
2024-02-16,101827.89381689453,82148.1347836914,2,1.8278938168945214,110.72079467773438,11.930500090162056
2024-02-20,101656.89381689453,82148.1347836914,2,1.6568938168945335,113.2749252319336,14.512536382975739
2024-02-21,101453.36765014651,578.8102770996302,10,1.4533676501465198,114.46943664550781,15.720098704705144
2024-02-22,110043.68828320316,90691.16801953128,2,10.043688283203146,115.58625793457031,16.849122080665822
2024-02-23,110615.0081074219,90691.16801953128,2,10.615008107421907,116.01356506347656,17.281097851520588
2024-02-26,110868.44731640628,90691.16801953128,2,10.868447316406282,115.26577758789062,16.52514025252474
2024-02-27,110580.80766796878,90691.16801953128,2,10.580807667968784,115.95530700683594,17.222203283133087
2024-02-28,110556.68828320316,90691.16801953128,2,10.556688283203153,116.58654022216797,17.86033318159781
2024-02-29,110861.24907421878,90691.16801953128,2,10.86124907421877,115.21722412109375,16.476056303700993
2024-03-01,111244.6477558594,90691.16801953128,2,11.244647755859404,115.19780731201172,16.456427351822246
2024-03-04,111137.0081074219,90691.16801953128,2,11.13700810742191,116.57683563232422,17.850522562034055
2024-03-05,110305.40898632816,90691.16801953128,2,10.305408986328146,115.06183624267578,16.318970699412326
2024-03-06,110242.40898632816,90691.16801953128,2,10.242408986328154,115.89702606201172,17.163285576491894
2024-03-07,110708.60722851566,90691.16801953128,2,10.708607228515653,117.43144226074219,18.714466390992367
2024-03-08,110552.0081074219,90691.16801953128,2,10.552008107421894,117.47029113769531,18.753739720252337
2024-03-11,110866.2874042969,90691.16801953128,2,10.866287404296916,116.7225112915039,17.997789834007705
2024-03-12,111540.20854687503,90691.16801953128,2,11.54020854687503,117.27606964111328,18.55739621220618
2024-03-13,111338.96758007816,90691.16801953128,2,11.338967580078151,116.69337463378906,17.968334837062727
2024-03-14,111227.3684589844,90691.16801953128,2,11.2273684589844,115.4211654663086,16.682225856813382
2024-03-15,108419.72771191409,90691.16801953128,2,8.419727711914081,112.15809631347656,13.38350529426382
2024-03-18,109190.12749218753,90691.16801953128,2,9.190127492187528,109.19609069824219,10.389137607976595
2024-03-19,109364.02378833013,616.864608642627,10,9.364023788330122,109.89533233642578,11.096018970899934
2024-03-20,108451.98301684576,616.864608642627,10,8.451983016845755,108.28321075439453,9.466283785128304
2024-03-21,107647.14097583013,616.864608642627,10,7.6471409758301245,108.29292297363281,9.476102117443297
2024-03-22,107705.98118579107,616.864608642627,10,7.7059811857910665,107.38003540039062,8.553240581843792
2024-03-25,107477.62742602544,616.864608642627,10,7.477627426025446,106.8362045288086,8.003467961462785
2024-03-26,107113.9824064942,616.864608642627,10,7.11398240649419,108.28321075439453,9.466283785128304
2024-03-27,107851.90257250982,616.864608642627,10,7.851902572509828,110.20609283447266,11.410174753974811
2024-03-28,108305.50755297857,616.864608642627,10,8.305507552978565,110.38089752197266,11.586889310142222
2024-04-01,109628.74266040044,616.864608642627,10,9.628742660400436,108.85618591308594,10.045519115205526
2024-04-02,107223.62278735357,616.864608642627,10,7.2236227873535785,108.78820037841797,9.976790789000578
2024-04-03,108171.14707934576,616.864608642627,10,8.171147079345765,108.0695571899414,9.250295899700923
2024-04-04,100404.504989502,616.864608642627,10,0.404504989501997,106.93331909179688,8.101643571861473
2024-04-05,102609.50352465826,616.864608642627,10,2.609503524658252,107.99187469482422,9.171764666683435
2024-04-08,102321.34153735357,616.864608642627,10,2.3213415373535717,107.33148956298828,8.504164345771281
2024-04-09,103055.54356372076,616.864608642627,10,3.055543563720753,109.19609069824219,10.389137607976595
2024-04-10,101058.22434985357,616.864608642627,10,1.0582243498535648,107.96272277832031,9.142294244235982
2024-04-11,102618.94456469732,616.864608642627,10,2.618944564697312,108.23464965820312,9.417192123553342
2024-04-12,98670.98387133794,616.864608642627,10,-1.3290161286620528,106.4876708984375,7.651126347051274
2024-04-15,97059.1884611817,616.864608642627,10,-2.940811538818311,106.2729721069336,7.434081814705462
2024-04-16,98836.94798266607,616.864608642627,10,-1.163052017333932,106.58527374267578,7.749795573528662
2024-04-17,94090.98716723638,616.864608642627,10,-5.909012832763616,103.35482788085938,4.484054735235898
2024-04-18,94571.02525317388,616.864608642627,10,-5.428974746826121,102.7399673461914,3.8624764009094203
2024-04-19,90091.02391040044,616.864608642627,10,-9.908976089599552,104.70165252685547,5.8455944225085155
2024-04-22,91150.344833252,616.864608642627,10,-8.849655166747993,104.49671173095703,5.638414498985078
2024-04-23,93167.1865080567,616.864608642627,10,-6.832813491943302,105.00420379638672,6.1514512852605785
2024-04-24,93056.22715747076,616.864608642627,10,-6.943772842529238,104.32102966308594,5.460812976426288
2024-04-25,93925.66197192388,616.864608642627,10,-6.07433802807612,104.291748046875,5.43121143720795
2024-04-26,95879.42149340826,616.864608642627,10,-4.120578506591743,104.94564056396484,6.092248206823903
2024-04-29,97106.58335864263,616.864608642627,10,-2.8934166413573714,104.69189453125,5.8357298136861635
2024-04-30,95835.2265471192,616.864608642627,10,-4.1647734528808105,103.42314910888672,4.5531224224949485
2024-05-01,89072.827255127,616.864608642627,10,-10.927172744872992,103.73545837402344,4.8688438940693635
2024-05-02,90268.74668872076,616.864608642627,10,-9.731253311279243,103.37433624267578,4.503776240129409
2024-05-03,92816.9473723145,616.864608642627,10,-7.183052627685493,103.35482788085938,4.484054735235898
2024-05-06,95652.98387133794,616.864608642627,10,-4.347016128662062,103.10107421875,4.227528629346922
2024-05-07,94935.86058032232,616.864608642627,10,-5.064139419677682,103.61833190917969,4.750437737196034
2024-05-08,94383.9824064942,616.864608642627,10,-5.6160175935058065,102.41790008544922,3.536890320512631
2024-05-09,93577.7040861817,616.864608642627,10,-6.42229591381831,102.15438079833984,3.270491893050065
2024-05-10,93331.6240080567,616.864608642627,10,-6.668375991943309,102.22269439697266,3.3395518675578773
2024-05-13,92686.58287036138,616.864608642627,10,-7.313417129638622,102.25199127197266,3.3691688322786684
2024-05-14,93718.426864502,616.864608642627,10,-6.281573135497998,101.51025390625,2.619327445007702
2024-05-15,97285.78392016607,616.864608642627,10,-2.714216079833931,102.07630157470703,3.1915595969686406
2024-05-16,98579.40284497075,81195.7226691895,2,-1.4205971550292462,102.34957885742188,3.467822633253581
2024-05-17,98599.20240551763,81195.7226691895,2,-1.4007975944823725,101.58832550048828,2.6982520283378886
2024-05-20,98644.56275708013,81195.7226691895,2,-1.3554372429198658,100.72947692871094,1.8300199096960235
2024-05-21,98542.32288891607,81195.7226691895,2,-1.4576771110839326,100.48548126220703,1.583358412629421
2024-05-22,98617.20240551763,81195.7226691895,2,-1.3827975944823656,102.30078887939453,3.4184995891417325
2024-05-23,98594.88258129888,81195.7226691895,2,-1.4051174187011184,101.72496795654297,2.8363874028559666
2024-05-24,98311.20240551763,81195.7226691895,2,-1.6887975944823719,101.45169067382812,2.560124366571026
2024-05-28,98419.20240551763,81195.7226691895,2,-1.580797594482375,99.499755859375,0.5868632410430674
2024-05-29,98389.32288891607,81195.7226691895,2,-1.6106771110839357,98.30908203125,-0.6168195668179499
2024-05-30,97247.04249340825,81195.7226691895,2,-2.7529575065917467,99.2947998046875,0.3796678920171548
2024-05-31,97207.083020752,81195.7226691895,2,-2.7929169792479946,99.73399353027344,0.8236601292872958
2024-06-03,97000.44227368169,81195.7226691895,2,-2.9995577263183026,100.39765167236328,1.4945692204768601
2024-06-04,97337.04249340825,81195.7226691895,2,-2.6629575065917455,100.94419860839844,2.0470875802955257
2024-06-05,97604.52222973638,81195.7226691895,2,-2.395477770263621,100.74899291992188,1.8497491273407718
2024-06-06,97688.40284497075,81195.7226691895,2,-2.3115971550292436,101.76400756835938,2.8758535508966787
2024-06-07,97951.20240551763,81195.7226691895,2,-2.0487975944823655,104.99445343017578,6.141594389189442
2024-06-10,97753.56275708013,81195.7226691895,2,-2.2464372429198742,104.90660858154297,6.052789771534428
2024-06-11,97852.56275708013,81195.7226691895,2,-2.1474372429198696,103.26698303222656,4.3952501175808845
2024-06-12,97751.04249340825,81195.7226691895,2,-2.248957506591742,101.8713607788086,2.9843796734452033
2024-06-13,97710.362317627,81195.7226691895,2,-2.2896376823729914,100.96370697021484,2.0668090851890364
2024-06-14,100087.97142138676,100087.97142138676,0,0.08797142138674552,101.18817901611328,2.293733651859675
2024-06-17,100087.97142138676,100087.97142138676,0,0.08797142138674552,100.96370697021484,2.0668090851890364
2024-06-18,99989.00821826175,1025.805093261748,10,-0.010991781738256545,101.49072265625,2.5995828018605005
2024-06-20,104565.00431201175,1025.805093261748,10,4.5650043120117445,104.00872039794922,5.145091504851851
2024-06-21,104213.00235888675,1025.805093261748,10,4.213002358886753,103.17916107177734,4.306468638179561
2024-06-24,103585.80509326175,1025.805093261748,10,3.5858050932617402,102.76925659179688,3.892085652878996
2024-06-25,103585.80509326175,1025.805093261748,10,3.5858050932617402,102.95467376708984,4.0795286460064695
2024-06-26,101851.40079638675,1025.805093261748,10,1.8514007963867485,102.35933685302734,3.4776872420759553
2024-06-27,103086.60587451175,1025.805093261748,10,3.0866058745117497,102.13487243652344,3.250770388156554
2024-06-28,104840.20939013675,1025.805093261748,10,4.8402093901367405,101.41265106201172,2.520658218530314
2024-07-01,101947.40665576175,1025.805093261748,10,1.9474066557617409,100.71971893310547,1.8201553008736493
2024-07-02,106184.20353076175,1025.805093261748,10,6.184203530761745,100.71971893310547,1.8201553008736493
2024-07-03,105921.80118701175,1025.805093261748,10,5.921801187011755,99.8706283569336,0.9617877910541583
2024-07-05,110931.78519091802,110931.78519091802,0,10.93178519091802,101.52000427246094,2.6291843410788385
2024-07-08,110931.78519091802,110931.78519091802,0,10.93178519091802,99.66567993164062,0.7546001547794834
2024-07-09,110931.78519091802,110931.78519091802,0,10.93178519091802,99.19720458984375,0.2810063782910044
2024-07-10,110931.78519091802,110931.78519091802,0,10.93178519091802,100.57333374023438,1.6721707430356503
2024-07-11,110931.78519091802,110931.78519091802,0,10.93178519091802,101.67616271972656,2.787048933241665
2024-07-12,110931.78519091802,110931.78519091802,0,10.93178519091802,101.7152099609375,2.8265227940335924
2024-07-15,110931.78519091802,110931.78519091802,0,10.93178519091802,101.0185775756836,2.122279192030696
2024-07-16,110931.78519091802,110931.78519091802,0,10.93178519091802,100.7831039428711,1.8842328380872964
2024-07-17,110931.78519091802,110931.78519091802,0,10.93178519091802,102.7061538696289,3.828293487460832
2024-07-18,110821.1884878846,224.48545443733747,10,10.821188487884603,98.1830825805664,-0.7441956533710714
2024-07-19,107846.28675448617,224.48545443733747,10,7.846286754486176,100.10612487792969,1.1998572832512489
2024-07-22,110892.18198764046,224.48545443733747,10,10.892181987640459,101.7642593383789,2.8761080716872556
2024-07-23,109564.48545443734,224.48545443733747,10,9.564485454437332,101.96048736572266,3.074480033306748
2024-07-24,102911.78892123421,224.48545443733747,10,2.911788921234204,105.23751068115234,6.387307217854832
2024-07-25,98431.69065463265,224.48545443733747,10,-1.568309345367347,103.96202087402344,5.097881754576861
2024-07-26,99617.38935458382,224.48545443733747,10,-0.3826106454161815,103.2555923461914,4.383734979995446
2024-07-29,99446.98545443734,224.48545443733747,10,-0.5530145455626578,102.7944564819336,3.917560870189618
2024-07-30,98516.88718783577,224.48545443733747,10,-1.4831128121642223,103.3340835571289,4.463083764643239
2024-07-31,102805.28242099007,224.48545443733747,10,2.805282420990074,103.94239807128906,5.078044558414918
2024-08-01,94327.88068759163,224.48545443733747,10,-5.6721193124083635,108.07301330566406,9.253789776007814
2024-08-02,94299.48545443734,224.48545443733747,10,-5.700514545562663,109.21113586425781,10.404347153400906
2024-08-05,95946.69065463265,224.48545443733747,10,-4.053309345367351,106.58168029785156,7.746162867699624
2024-08-06,92652.28025424202,224.48545443733747,10,-7.347719745757974,107.43527221679688,8.609080900744459
2024-08-07,91580.18415438851,224.48545443733747,10,-8.419815845611488,107.8669662475586,9.045491503556114
2024-08-08,97011.69065463265,224.48545443733747,10,-2.988309345367346,107.69036865234375,8.866964450849801
2024-08-09,95556.1884878846,224.48545443733747,10,-4.443811512115392,106.66016387939453,7.825503939596201
2024-08-12,97331.1884878846,224.48545443733747,10,-2.668811512115399,105.76732635498047,6.922911514227481
2024-08-13,100426.78892123421,224.48545443733747,10,0.4267889212342224,106.19902038574219,7.359322117039158
2024-08-14,100156.98545443734,224.48545443733747,10,0.1569854544373417,107.81790924072266,8.995898513151236
2024-08-15,104745.46028735359,104745.46028735359,0,4.745460287353587,108.8481216430664,10.037366737156074
2024-08-16,104745.46028735359,104745.46028735359,0,4.745460287353587,108.90699005126953,10.096878325641923
2024-08-19,104745.46028735359,104745.46028735359,0,4.745460287353587,109.7900161743164,10.989552152929672
2024-08-20,104745.46028735359,104745.46028735359,0,4.745460287353587,108.68132019042969,9.868742857028279
2024-08-21,104745.46028735359,104745.46028735359,0,4.745460287353587,109.28962707519531,10.48369593804872
2024-08-22,104745.46028735359,104745.46028735359,0,4.745460287353587,109.98624420166016,11.187924114549164
2024-08-23,104745.46028735359,104745.46028735359,0,4.745460287353587,110.56512451171875,11.773129114077907
2024-08-26,104745.46028735359,104745.46028735359,0,4.745460287353587,110.5749282836914,11.783039999407663
2024-08-27,104745.46028735359,104745.46028735359,0,4.745460287353587,110.9673843383789,12.179783922646648
2024-08-28,104745.46028735359,104745.46028735359,0,4.745460287353587,110.77116394042969,11.981419673778394
2024-08-29,104745.46028735359,104745.46028735359,0,4.745460287353587,110.63380432128906,11.842559300644751
2024-08-30,104745.46028735359,104745.46028735359,0,4.745460287353587,111.13418579101562,12.348407802774464
2024-09-03,104641.38588549812,566.9840300293763,10,4.641385885498117,112.49797821044922,13.7271006487812
2024-09-04,107628.18031909187,566.9840300293763,10,7.628180319091871,112.24288940429688,13.469224811427093
2024-09-05,106541.38588549812,566.9840300293763,10,6.54138588549813,110.9673843383789,12.179783922646648
2024-09-06,102672.98866870125,566.9840300293763,10,2.6729886687012483,111.71305084228516,12.933597376800755
2024-09-09,105560.9793913575,566.9840300293763,10,5.56097939135749,114.23460388183594,15.482700221864999
2024-09-10,109125.38124682625,566.9840300293763,10,9.125381246826247,114.90177917480469,16.157164891371288
2024-09-11,114460.58449389656,566.9840300293763,10,14.460584493896555,114.4013900756836,15.651308676490338
2024-09-12,115152.18727709969,566.9840300293763,10,15.152187277099681,114.62705993652344,15.879444145104005
2024-09-13,116322.58217456062,566.9840300293763,10,16.32258217456062,114.20516204833984,15.452936714870846
2024-09-16,116147.78542163094,566.9840300293763,10,16.147785421630935,115.41197204589844,16.672931991581997
2024-09-17,115190.18959643562,566.9840300293763,10,15.190189596435633,115.90253448486328,17.16885418287952
2024-09-18,113267.37892749031,566.9840300293763,10,13.267378927490302,112.71382141113281,13.945302093811417
2024-09-19,119547.1024405518,96383.74233312992,2,19.5471024405518,111.99759674072266,13.221252146651485
2024-09-20,119364.94179602055,96383.74233312992,2,19.364941796020553,111.55607604980469,12.774907520256384
2024-09-23,119610.02211828617,96383.74233312992,2,19.610022118286174,112.6451416015625,13.875871907244598
2024-09-24,119442.82265539555,96383.74233312992,2,19.442822655395542,111.2028579711914,12.417830276590047
2024-09-25,119171.34340734867,96383.74233312992,2,19.171343407348672,110.48663330078125,11.693780329430115
2024-09-26,119060.46254797367,96383.74233312992,2,19.060462547973668,110.60436248779297,11.812795793650576
2024-09-27,119064.86147375492,96383.74233312992,2,19.064861473754924,110.31002044677734,11.515237851221327
2024-09-30,119166.06362219242,96383.74233312992,2,19.166063622192418,111.8602294921875,13.082384060766605
2024-10-01,118506.94179602055,96383.74233312992,2,18.50694179602055,111.41870880126953,12.636039434371504
2024-10-02,118639.38222570805,96383.74233312992,2,18.639382225708047,111.49720001220703,12.715388219019296
2024-10-03,118550.94179602055,96383.74233312992,2,18.55094179602055,110.1137924194336,11.316865889601836
2024-10-04,118701.42238684086,96383.74233312992,2,18.70142238684085,110.51605987548828,11.723528410921812
2024-10-07,117824.94179602055,96383.74233312992,2,17.824941796020543,111.22248840332031,12.437675185503227
2024-10-08,118218.30190344242,96383.74233312992,2,18.218301903442423,112.46854400634766,13.697344854538285
2024-10-09,118123.26174230961,96383.74233312992,2,18.123261742309605,113.76364135742188,15.006592088475745
2024-10-10,118540.82265539555,96383.74233312992,2,18.540822655395537,113.43988037109375,14.679293777306036
2024-10-11,118170.18901470951,84337.79918316654,3,18.170189014709504,113.9304428100586,15.175215968603538
2024-10-14,119056.71725872807,84337.79918316654,3,19.056717258728064,115.03913879394531,16.296025264504955
2024-10-15,118736.93123272709,84337.79918316654,3,18.736931232727084,114.39839172363281,15.648277565257196
2024-10-16,118388.23207501225,84337.79918316654,3,18.388232075012255,116.14320373535156,17.41215292041012
2024-10-17,117916.75819805912,84337.79918316654,3,17.916758198059114,116.21220397949219,17.481907042528565
2024-10-18,117831.83852032475,84337.79918316654,3,17.83183852032475,117.69084930419922,18.976707645542312
2024-10-21,117933.15766552738,84337.79918316654,3,17.93315766552739,115.32499694824219,16.58500662756712
2024-10-22,117588.59031579595,120.52804467778697,10,17.58859031579596,114.46739196777344,15.718031687375667
2024-10-23,116453.38198754888,120.52804467778697,10,16.453381987548887,115.3447265625,16.604951802246283
2024-10-24,116653.67259118658,120.52804467778697,10,16.653672591186574,114.88141632080078,16.13657955834009
2024-10-25,118144.47238824469,120.52804467778697,10,18.14447238824468,112.59442901611328,13.824605249822962
2024-10-28,120060.63792321783,120.52804467778697,10,20.06063792321784,112.44656372070312,13.675124418246455
2024-10-29,123611.49518487554,120.52804467778697,10,23.61149518487555,111.78610229492188,13.007446969822013
2024-10-30,113965.88374230963,120.52804467778697,10,13.965883742309625,112.82115173339844,14.053805078106251
2024-10-31,111043.85052392584,120.52804467778697,10,11.043850523925848,111.75653076171875,12.977552346056953
2024-11-01,110089.70886132818,120.52804467778697,10,10.089708861328184,116.91209411621094,18.18944398930642
2024-11-04,109359.1489782105,120.52804467778697,10,9.359148978210508,115.97561645507812,17.242734626905687
2024-11-05,110217.5185460816,120.52804467778697,10,10.217518546081594,116.05447387695312,17.32245362361249
2024-11-06,112949.14645288092,120.52804467778697,10,12.949146452880921,115.13771057128906,16.39567401038846
2024-11-07,115327.32359216314,120.52804467778697,10,15.327323592163133,113.65906524658203,14.900873407374714
2024-11-08,113856.85179803472,120.52804467778697,10,13.85685179803473,114.93070220947266,16.186403931281856
2024-11-11,113996.33093164068,120.52804467778697,10,13.996330931640678,115.13771057128906,16.39567401038846
2024-11-12,112591.45901409918,259.6528159790578,10,12.591459014099172,114.7828369140625,16.036923099705348
2024-11-13,110123.41285626226,259.6528159790578,10,10.12341285626226,114.0927963256836,15.33934331476463
2024-11-14,109759.11296002203,259.6528159790578,10,9.759112960022032,113.39289855957031,14.631798655235539
2024-11-15,106869.62728039557,259.6528159790578,10,6.869627280395574,114.25052642822266,15.49879673368071
2024-11-18,109231.29387585455,259.6528159790578,10,9.23129387585455,115.68974304199219,16.95373783834104
2024-11-19,109410.792975586,259.6528159790578,10,9.410792975586002,115.46302032470703,16.72453801005773
2024-11-20,108644.09496228033,259.6528159790578,10,8.644094962280334,114.28009796142578,15.528691357445767
2024-11-21,109299.56077496344,259.6528159790578,10,9.299560774963433,115.59117126464844,16.854089092457535
2024-11-22,110540.41287152105,259.6528159790578,10,10.540412871521054,116.08405303955078,17.352355960128783
2024-11-25,112370.52109448248,259.6528159790578,10,12.37052109448249,116.44877624511719,17.721064032648993
2024-11-26,110827.90444866949,259.6528159790578,10,10.8279044486695,116.28120422363281,17.551661164647037
2024-11-27,110310.2608863526,259.6528159790578,10,10.310260886352607,117.2571029663086,18.538222312649943
2024-11-29,110861.64398876959,259.6528159790578,10,10.861643988769586,117.07966613769531,18.358846857308396
2024-12-02,113394.25717083746,259.6528159790578,10,13.394257170837465,115.14756774902344,16.405638884976813
2024-12-03,113220.14470593267,259.6528159790578,10,13.220144705932668,114.63496398925781,15.887434555377622
2024-12-04,113577.96417919928,259.6528159790578,10,13.577964179199276,114.31952667236328,15.568550855799156
2024-12-05,111911.70713726812,259.6528159790578,10,11.911707137268124,113.9449234008789,15.189854770436906
2024-12-06,110445.31944958502,259.6528159790578,10,10.445319449585021,113.95478820800781,15.199827357776474
2024-12-09,106472.55784527594,259.6528159790578,10,6.472557845275939,113.2647476196289,14.502247572835758
2024-12-10,104506.69023052984,259.6528159790578,10,4.506690230529853,113.85621643066406,15.100178611892968
2024-12-11,105633.01149670416,259.6528159790578,10,5.633011496704166,112.51556396484375,13.744878540364924
2024-12-12,105682.87448803717,259.6528159790578,10,5.682874488037171,112.23955535888672,13.465854339139849
2024-12-13,103671.38111035162,259.6528159790578,10,3.6713811103516125,111.76638793945312,12.987517220645305
2024-12-16,103227.89811627203,259.6528159790578,10,3.227898116272021,111.0172119140625,12.230155900925709
2024-12-17,102658.26007763678,259.6528159790578,10,2.658260077636787,111.67766571044922,12.897825636598913
2024-12-18,100086.25872723394,259.6528159790578,10,0.08625872723393435,110.33702850341797,11.542540990573325
2024-12-19,98433.17016522223,259.6528159790578,10,-1.566829834777772,110.82003784179688,12.030827558153767
2024-12-20,99200.46012799078,259.6528159790578,10,-0.799539872009225,112.60429382324219,13.83457783716253
2024-12-23,102496.8609153443,259.6528159790578,10,2.49686091534429,112.68314361572266,13.914289121118117
2024-12-24,103685.1509544068,259.6528159790578,10,3.6851509544068017,113.12674713134766,14.362739328598838
2024-12-26,102906.13143841558,259.6528159790578,10,2.9061314384155823,113.62948608398438,14.870971070858442
2024-12-27,102748.53758923346,259.6528159790578,10,2.7485375892334574,113.35346984863281,14.59193915688215
2024-12-30,100942.6721564942,259.6528159790578,10,0.9426721564941953,111.19464111328125,12.409523643516017
